Sun:  Spectral Radiance,
Wavelength (nm),Solar Radiance
,(watts/m2-sr-nm)
119.48999999999998,0.0
119.5,0.9095588235294118
120.5,8.255882352939706
121.5,72.07352941176471
122.5,17.41176470588088
123.5,0.7014705882352942
124.5,0.5048529411764706
125.5,0.4238235294117647
126.5,0.5180882352941176
127.5,0.31279411764705883
128.49999999999997,0.2539705882352941
129.49999999999997,0.5873529411764706
130.5,1.773529411764706
131.5,0.5857352941176471
132.5,0.606764705882353
133.5,2.470588235292647
134.49999999999997,0.6723529411764706
135.49999999999997,0.5591176470588235
136.5,0.45499999999999996
137.5,0.4294117647058824
138.5,0.5835294117647059
139.5,1.1120588235294118
140.49999999999997,0.8933823529411765
141.49999999999997,0.6186764705882354
142.5,0.6886764705882352
143.5,0.7514705882352941
144.5,0.7489705882352942
145.5,0.8139705882352941
146.5,1.0422058823529412
147.49999999999997,1.2477941176470588
148.5,1.2057352941176471
149.5,1.1700000000000002
150.5,1.2789705882352942
151.5,1.3626470588235293
152.5,1.7102941176455884
153.49999999999997,1.9102941176470591
154.49999999999997,3.0279411764691178
155.5,3.1529411764705886
156.5,2.7161764705867646
157.5,2.525
158.5,2.463235294117647
159.49999999999997,2.5794117647058825
160.49999999999997,2.8441176470588236
161.5,3.2764705882338236
162.5,3.7044117647058825
163.5,4.177941176470589
164.5,4.372058823529412
165.49999999999997,6.326470588233823
166.49999999999997,5.8661764705867645
167.5,5.698529411763236
168.5,6.7
169.5,8.64264705882353
170.5,9.729411764705883
171.49999999999997,10.117647058823529
172.49999999999997,10.66470588235147
173.5,11.24264705882206
174.5,13.333823529410294
175.5,15.86764705882353
176.5,17.941176470586765
177.49999999999997,20.63235294117647
178.49999999999997,22.617647058823533
179.5,23.176470588233823
180.5,26.926470588233823
181.5,32.83823529411765
182.5,32.985294117647065
183.49999999999997,32.99999999999853
184.49999999999997,30.38235294117647
185.49999999999997,33.98529411764706
186.5,39.70588235294118
187.5,44.25
188.5,48.39705882352941
189.49999999999997,52.48529411764706
190.49999999999997,55.35294117647059
191.49999999999997,61.25000000000001
192.5,60.485294117647065
193.5,56.0
194.5,76.61764705882354
195.49999999999997,79.80882352941177
196.49999999999997,88.3529411764706
197.49999999999997,91.04411764705883
198.5,90.9852941176456
199.5,97.99999999999854
200.5,107.73529411764706
201.49999999999997,117.98529411764707
202.49999999999997,121.4852941176456
203.49999999999997,135.54411764705736
204.5,150.73529411764707
205.5,155.0
206.5,162.94117647058823
207.49999999999997,186.02941176470588
208.49999999999997,221.32352941176325
209.49999999999997,314.4117647058824
210.5,410.5882352941177
211.5,493.2352941176471
212.5,460.29411764705884
213.5,487.4999999999986
214.49999999999997,588.6764705882354
215.49999999999997,531.6176470588235
216.5,474.55882352941177
217.5,518.9705882352941
218.5,652.5
219.5,690.0
220.49999999999997,696.0294117647044
221.49999999999997,582.0588235294103
222.49999999999997,730.1470588235294
223.5,926.6176470588221
224.5,867.2058823529412
225.5,768.9705882352941
226.49999999999997,579.4117647058808
227.49999999999997,587.0588235294103
228.49999999999997,763.9705882352941
229.5,701.6176470588235
230.5,766.4705882352941
231.5,749.5588235294118
232.49999999999997,783.2352941176471
233.49999999999997,657.9411764705883
234.49999999999997,573.0882352941162
235.5,756.1764705882354
236.5,714.5588235294118
237.5,712.3529411764691
238.5,617.0588235294103
239.49999999999997,648.8235294117633
240.5,581.7647058823514
241.49999999999997,757.0588235294103
242.5,1038.2352941176455
243.49999999999997,978.3823529411766
244.49999999999997,896.6176470588235
245.5,726.3235294117648
246.49999999999997,741.1764705882354
247.5,816.1764705882354
248.49999999999997,671.3235294117648
249.5,829.1176470588235
250.5,883.8235294117648
251.49999999999997,676.6176470588235
252.5,611.0294117647044
253.49999999999997,758.0882352941162
254.5,876.0294117647044
255.49999999999997,1166.1764705882338
256.5,1497.0588235294117
257.5,1844.1176470588236
258.5,1839.7058823529399
259.5,1529.4117647058822
260.49999999999994,1301.4705882352926
261.5,1320.5882352941178
262.49999999999994,1523.5294117647059
263.5,2438.2352941176473
264.5,3672.0588235294117
265.5,3716.176470588234
266.5,3667.6470588235297
267.49999999999994,3688.2352941176473
268.5,3585.2941176470576
269.5,3513.2352941176473
270.5,3930.882352941175
271.5,3299.9999999999986
272.49999999999994,2902.941176470587
273.5,2889.7058823529414
274.49999999999994,1950.0
275.5,2575.0
276.5,3570.588235294116
277.5,3438.2352941176473
278.5,2342.6470588235293
279.49999999999994,1258.0882352941176
280.5,1391.6176470588236
281.5,3063.2352941176473
282.5,4324.999999999999
283.5,4610.294117647059
284.49999999999994,3460.294117647059
285.5,2398.5294117647045
286.49999999999994,4745.588235294116
287.5,4945.588235294116
288.5,4738.235294117645
289.5,6951.470588235295
290.5,8842.647058823528
291.49999999999994,8541.176470588234
292.5,7675.000000000001
293.49999999999994,7874.999999999998
294.5,7482.352941176471
295.5,8135.2941176470595
296.49999999999994,7494.117647058824
297.5,7460.294117647057
298.49999999999994,6845.588235294118
299.5,7117.647058823528
300.5,6176.470588235292
301.5,6698.529411764706
302.5,7191.176470588233
303.49999999999994,9126.470588235296
304.5,8860.29411764706
305.49999999999994,8747.058823529413
306.5,8172.05882352941
307.5,9044.117647058822
308.49999999999994,8991.176470588236
309.5,7301.470588235294
310.49999999999994,9152.941176470587
311.5,10723.529411764704
312.5,9645.588235294119
313.5,10292.647058823528
314.5,9748.529411764706
315.49999999999994,9308.823529411766
316.5,9311.764705882351
317.49999999999994,11380.882352941177
318.5,9777.94117647059
319.5,10448.529411764706
320.49999999999994,11839.705882352942
321.5,10286.764705882353
322.49999999999994,10126.470588235292
323.5,9725.0
324.49999999999994,11188.235294117647
325.5,12879.411764705883
326.5,14404.411764705883
327.49999999999994,14010.29411764706
328.5,13494.117647058823
329.49999999999994,15602.941176470587
330.5,14941.176470588236
331.5,14201.470588235294
332.5,14042.64705882353
333.5,13552.941176470587
334.49999999999994,14101.470588235294
335.5,13873.529411764706
336.49999999999994,11904.411764705883
337.5,12379.411764705881
338.5,13551.470588235294
339.49999999999994,14089.70588235294
340.5,14808.823529411764
341.49999999999994,13585.294117647058
342.5,14602.941176470587
343.5,13979.411764705883
344.5,11701.470588235292
345.5,13811.764705882353
346.49999999999994,13623.529411764706
347.5,13260.294117647058
348.49999999999994,13194.117647058823
349.5,13085.29411764706
350.5,15441.176470588236
351.49999999999994,14404.411764705883
352.5,13351.470588235296
353.49999999999994,15191.176470588234
354.5,16338.235294117647
355.49999999999994,15367.647058823528
356.5,13416.176470588236
357.5,11705.882352941177
358.49999999999994,10199.999999999998
359.5,14575.0
360.49999999999994,14276.470588235294
361.5,12913.235294117645
362.5,14673.529411764706
363.49999999999994,14660.29411764706
364.5,14897.05882352941
365.49999999999994,16941.176470588234
366.5,18132.352941176472
367.49999999999994,17352.941176470587
368.5,16191.176470588234
369.5,18029.41176470588
370.49999999999994,16750.0
371.5,17279.411764705885
372.49999999999994,15500.0
373.5,13532.35294117647
374.5,13241.176470588234
375.49999999999994,15617.64705882353
376.5,15955.882352941177
377.49999999999994,18852.941176470587
378.5,19514.70588235294
379.49999999999994,15676.470588235296
380.5,17676.470588235294
381.5,15911.764705882355
382.49999999999994,11636.764705882353
383.5,10060.29411764706
384.49999999999994,14113.235294117647
385.5,14823.529411764706
386.5,14808.823529411764
387.49999999999994,14764.70588235294
388.5,14475.0
389.49999999999994,17264.70588235294
390.5,18338.23529411765
391.49999999999994,19735.29411764706
392.5,14985.294117647058
393.5,8563.235294117647
394.49999999999994,15088.235294117647
395.5,19323.529411764706
396.49999999999994,12566.176470588236
397.5,13658.823529411764
398.49999999999994,22382.352941176472
399.5,24455.88235294118
400.5,24735.29411764706
401.49999999999994,25676.470588235294
402.5,25867.647058823528
403.49999999999994,24764.70588235294
404.5,24617.647058823528
405.5,24514.70588235294
406.49999999999994,23367.647058823528
407.5,23941.176470588234
408.49999999999994,25514.705882352944
409.5,25220.58823529412
410.49999999999994,22529.411764705885
411.5,26720.588235294115
412.5,26308.823529411762
413.49999999999994,25823.529411764706
414.5,25544.117647058825
415.49999999999994,25500.0
416.5,27088.235294117647
417.5,24485.29411764706
418.49999999999994,24764.70588235294
419.5,25014.705882352944
420.49999999999994,25838.235294117647
421.5,26426.470588235294
422.49999999999994,23264.705882352944
423.5,25161.764705882353
424.5,25985.294117647056
425.49999999999994,24926.470588235294
426.5,24970.58823529412
427.49999999999994,23073.529411764706
428.5,23338.235294117647
429.49999999999994,21691.176470588238
430.49999999999994,16691.176470588234
431.5,24794.11764705882
432.49999999999994,24205.882352941175
433.5,25455.88235294118
434.49999999999994,24558.823529411762
435.5,25338.235294117647
436.5,28367.64705882353
437.49999999999994,26558.823529411766
438.5,23044.11764705882
439.49999999999994,26838.235294117647
440.5,25191.176470588238
441.49999999999994,28397.058823529413
442.49999999999994,29117.647058823528
443.5,28073.529411764706
444.49999999999994,29014.705882352944
445.5,26779.41176470588
446.49999999999994,27808.823529411766
447.5,30544.11764705882
448.5,29014.705882352944
449.49999999999994,29808.823529411766
450.5,31529.411764705885
451.49999999999994,31014.70588235294
452.5,28544.117647058825
453.49999999999994,28970.58823529412
454.5,29102.94117647059
455.5,29911.76470588235
456.49999999999994,30544.11764705882
457.5,30882.352941176472
458.49999999999994,28985.29411764706
459.5,29544.11764705882
460.49999999999994,30000.0
461.49999999999994,30220.58823529412
462.5,30941.176470588238
463.49999999999994,30000.0
464.5,29058.823529411766
465.49999999999994,30029.41176470588
466.5,28250.0
467.5,29632.352941176472
468.49999999999994,29323.529411764706
469.5,29264.70588235294
470.49999999999994,27602.941176470587
471.5,29676.47058823529
472.49999999999994,30014.70588235294
473.49999999999994,29279.411764705885
474.5,30161.764705882357
475.49999999999994,29647.058823529413
476.5,28764.70588235294
477.49999999999994,30514.705882352944
478.49999999999994,29544.11764705882
479.5,30529.411764705885
480.49999999999994,29926.470588235297
481.49999999999994,30735.294117647056
482.5,29750.000000000004
483.5,29691.176470588238
484.49999999999994,28955.88235294118
485.5,26911.764705882353
486.5,23897.058823529413
487.49999999999994,26911.764705882353
488.49999999999994,28147.058823529413
489.5,28823.529411764706
490.5,29514.705882352944
491.49999999999994,27882.35294117647
492.5,27882.35294117647
493.5,27764.70588235294
494.49999999999994,30264.70588235294
495.49999999999994,28323.529411764706
496.5,29661.764705882353
497.49999999999994,29676.47058823529
498.49999999999994,27441.176470588238
499.5,28970.58823529412
500.5,27308.823529411766
501.49999999999994,26647.058823529413
502.49999999999994,27852.941176470587
503.5,28441.176470588234
504.49999999999994,27485.29411764706
505.49999999999994,29308.823529411766
506.5,28838.235294117647
507.5,28029.41176470588
508.49999999999994,28220.58823529412
509.49999999999994,28176.470588235294
510.5,28632.352941176472
511.49999999999994,29367.64705882353
512.4999999999999,27455.88235294118
513.5,27367.647058823528
514.5,27558.823529411766
515.5,27941.176470588234
516.5,24544.117647058825
517.5,25382.352941176472
518.5,24323.529411764706
519.4999999999999,26882.352941176472
520.5,26926.470588235294
521.5,28029.41176470588
522.4999999999999,26808.823529411766
523.5,27852.941176470587
524.5,28794.11764705882
525.5,28382.35294117647
526.4999999999999,24617.647058823528
527.5,26882.352941176472
528.5,27897.058823529413
529.4999999999999,28205.882352941175
530.5,28705.882352941175
531.5,28867.64705882353
532.5,26029.41176470588
533.4999999999999,28279.411764705885
534.5,27323.529411764706
535.5,29264.70588235294
536.4999999999999,27514.70588235294
537.5,27676.470588235294
538.5,28000.0
539.5,26941.176470588238
540.4999999999999,25882.352941176472
541.5,27661.764705882353
542.5,26838.235294117647
543.4999999999999,27632.352941176472
544.5,27632.352941176472
545.5,27955.88235294118
546.4999999999999,27632.352941176472
547.5,26955.882352941175
548.5,27397.058823529413
549.5,27867.64705882353
550.4999999999999,27382.352941176472
551.5,27514.70588235294
552.5,27147.058823529413
553.4999999999999,27676.470588235294
554.5,27911.764705882353
555.5,27897.058823529413
556.5,26779.41176470588
557.4999999999999,27147.058823529413
558.5,26279.41176470588
559.5,26588.235294117647
560.4999999999999,27102.941176470587
561.5,26823.529411764706
562.5,27205.88235294118
563.5,27367.647058823528
564.4999999999999,27264.705882352944
565.5,26441.176470588238
566.5,26897.058823529413
567.4999999999999,27750.0
568.5,26617.64705882353
569.5,27352.94117647059
570.5,26014.70588235294
571.4999999999999,26808.823529411766
572.5,27823.529411764706
573.5,27588.235294117647
574.4999999999999,27455.88235294118
575.5,26911.764705882353
576.5,27147.058823529413
577.4999999999999,27308.823529411766
578.5,26220.588235294115
579.5,26882.352941176472
580.5,27029.411764705885
581.4999999999999,27250.0
582.5,27544.117647058825
583.5,27308.823529411766
584.4999999999999,27352.94117647059
585.5,26220.588235294115
586.5,26911.764705882353
587.5,27176.470588235297
588.4999999999999,25735.29411764706
589.5,23705.88235294118
590.5,26661.764705882353
591.4999999999999,26279.41176470588
592.5,26588.235294117647
593.5,26411.764705882353
594.5,26073.529411764706
595.4999999999999,26205.88235294118
596.5,26544.11764705882
597.5,26176.470588235294
598.4999999999999,25838.235294117647
599.5,26088.235294117647
600.5,25676.470588235294
601.4999999999999,25750.0
602.4999999999999,25279.411764705885
603.5,26279.41176470588
604.5,26117.64705882353
605.4999999999999,25926.470588235294
606.5,25867.647058823528
607.5,25838.235294117647
608.4999999999999,25632.352941176472
609.5,25647.058823529413
610.5,25044.117647058825
611.5,25676.470588235294
612.4999999999999,25073.529411764706
613.5,24750.0
614.5,25191.176470588238
615.4999999999999,25191.176470588238
616.5,23661.764705882353
617.5,25102.94117647059
618.5,25352.941176470587
619.4999999999999,25102.94117647059
620.5,25500.0
621.5,24852.941176470587
622.4999999999999,25191.176470588238
623.5,24500.0
624.5,24352.941176470587
625.5,24000.0
626.4999999999999,24955.88235294118
627.5,24955.88235294118
628.5,24955.88235294118
629.4999999999999,24661.764705882353
630.9999999999999,24102.941176470587
633.0,24279.41176470588
634.9999999999999,24352.941176470587
637.0,24323.529411764706
639.0,24279.41176470588
640.9999999999999,23735.29411764706
643.0,23838.235294117647
644.9999999999999,23926.470588235294
647.0,23573.529411764706
648.9999999999999,22911.764705882353
651.0,23617.64705882353
653.0,23514.70588235294
654.9999999999999,22529.411764705885
657.0,20352.941176470587
658.9999999999999,22779.41176470588
661.0,23102.941176470587
663.0,22867.647058823528
665.0,22941.176470588238
667.0,22573.529411764706
668.9999999999999,22735.29411764706
671.0,22294.117647058825
672.9999999999999,22367.647058823528
675.0,22205.88235294118
677.0,22176.470588235294
678.9999999999999,22029.41176470588
681.0,21941.176470588234
682.9999999999999,21750.0
685.0,21397.058823529413
687.0,21573.529411764706
689.0,21485.29411764706
691.0,21294.11764705882
692.9999999999999,21294.11764705882
695.0,21117.647058823528
696.9999999999999,20823.529411764706
699.0,20955.88235294118
701.0,20382.35294117647
702.9999999999999,20411.764705882353
705.0,20808.823529411766
706.9999999999999,20588.235294117647
709.0,20352.941176470587
710.9999999999999,20367.647058823528
713.0,20191.176470588234
715.0,20088.23529411765
716.9999999999999,19911.764705882353
719.0,19529.411764705885
720.9999999999999,19573.529411764706
723.0,19823.529411764706
725.0,19852.94117647059
726.9999999999999,19794.117647058825
729.0,19397.058823529413
730.9999999999999,19500.0
733.0,19382.352941176472
734.9999999999999,19250.0
737.0,19220.588235294115
739.0,18794.117647058825
740.9999999999999,18500.0
743.0,18911.764705882353
744.9999999999999,18808.823529411762
747.0,18867.647058823528
749.0,18676.470588235294
750.9999999999999,18558.823529411766
753.0,18514.70588235294
754.9999999999999,18455.882352941175
757.0,18352.941176470587
758.9999999999999,18235.29411764706
761.0,18191.176470588238
763.0,18250.0
764.9999999999999,17955.88235294118
767.0,17426.470588235294
768.9999999999999,17691.176470588238
771.0,17705.882352941175
773.0,17764.70588235294
774.9999999999999,17470.588235294115
777.0,17588.235294117647
778.9999999999999,17455.88235294118
781.0,17455.88235294118
782.9999999999999,17294.11764705882
785.0,17352.941176470587
787.0,17308.823529411766
788.9999999999999,17264.70588235294
791.0,17029.41176470588
792.9999999999999,16808.823529411766
795.0,16676.470588235294
796.9999999999999,16941.176470588234
799.0,16691.176470588234
801.0,16794.11764705882
802.9999999999999,16602.941176470587
805.0,16397.058823529413
806.9999999999999,16470.58823529412
809.0,16102.941176470587
811.0,16382.352941176472
812.9999999999999,16397.058823529413
815.0,16279.411764705883
816.9999999999999,16235.29411764706
819.0,15632.35294117647
820.9999999999999,15882.352941176472
823.0,15779.411764705881
825.0,15808.823529411764
826.0,15882.352941176472
827.9999999999999,15897.05882352941
829.9999999999999,15632.35294117647
832.0,15455.882352941175
833.9999999999999,15308.823529411764
836.0,15470.588235294119
837.9999999999999,15352.94117647059
840.0,15294.117647058823
842.0,15235.29411764706
843.9999999999999,15058.823529411766
846.0,15117.64705882353
847.9999999999999,15044.117647058822
850.0,14205.882352941177
851.9999999999999,14648.529411764706
854.0,12911.764705882353
856.0,14345.588235294119
857.9999999999999,14779.411764705881
860.0,14660.29411764706
861.9999999999999,14630.882352941177
864.0,14695.588235294117
866.0,13032.352941176468
867.9999999999999,13816.176470588236
870.0,14333.823529411766
871.9999999999999,14460.294117647058
874.0,14283.823529411766
875.9999999999999,14176.470588235294
878.0,14336.764705882353
880.0,14050.0
881.9999999999999,13986.764705882353
884.0,14086.764705882353
885.9999999999999,13798.529411764706
888.0,13886.764705882353
889.9999999999999,14014.70588235294
891.9999999999999,13814.705882352942
894.0,13723.529411764706
895.9999999999999,13804.411764705883
898.0,13733.823529411764
899.9999999999999,13467.647058823528
902.0,13111.764705882353
904.0,13654.411764705883
905.9999999999999,13494.117647058823
908.0,13272.05882352941
909.9999999999999,13111.764705882353
912.0,13186.764705882353
913.9999999999999,13339.705882352942
915.9999999999999,13241.176470588234
918.0,13163.235294117647
919.9999999999999,13100.0
922.0,12691.176470588234
923.9999999999999,12625.0
926.0,12664.705882352939
928.0,12895.588235294117
929.9999999999999,12760.29411764706
932.0,12722.05882352941
933.9999999999999,12707.352941176468
936.0,12569.117647058823
937.9999999999999,12617.647058823528
939.9999999999999,12408.823529411764
942.0,12132.352941176468
943.9999999999999,12241.176470588236
946.0,12316.176470588236
947.9999999999999,12363.235294117647
950.0,12307.352941176468
951.9999999999999,12230.882352941175
954.0,11882.352941176472
956.0,11885.29411764706
957.9999999999999,12041.176470588234
959.9999999999999,11986.764705882353
962.0,11895.588235294117
963.9999999999999,11783.823529411766
965.9999999999999,11686.764705882351
968.0,11719.117647058825
970.0,11704.411764705883
971.9999999999999,11670.588235294115
973.9999999999999,11492.647058823528
976.0,11507.352941176468
977.9999999999999,11439.705882352942
979.9999999999999,11391.176470588234
982.0,11417.647058823528
984.0,11320.588235294119
985.9999999999999,11266.176470588236
987.9999999999999,11198.529411764704
990.0,11089.705882352939
991.9999999999999,11127.94117647059
993.9999999999999,11111.764705882353
996.0,11066.176470588234
998.0,11044.117647058823
999.9999999999999,10998.529411764706
1002.0,10983.823529411766
1004.0,10677.941176470586
1006.0,10494.117647058823
1008.0,10786.764705882353
1010.0,10754.411764705881
1012.0,10679.411764705881
1014.0,10602.941176470586
1016.0,10498.529411764704
1018.0,10451.470588235294
1020.0,10354.411764705881
1022.0,10325.0
1024.0,10373.529411764706
1026.0,10333.823529411762
1027.9999999999998,10277.941176470586
1030.0,10201.470588235292
1032.0,10154.411764705883
1034.0,10024.999999999998
1035.9999999999998,10058.823529411766
1038.0,9958.823529411766
1040.0,9942.64705882353
1041.9999999999998,9920.588235294115
1044.0,9873.529411764706
1046.0,9705.882352941177
1048.0,9770.588235294115
1049.9999999999998,9738.235294117647
1052.0,9685.294117647056
1054.0,9630.882352941177
1055.9999999999998,9642.647058823528
1058.0,9486.764705882353
1060.0,9433.823529411762
1062.0,9467.64705882353
1064.0,9498.529411764706
1066.0,9404.411764705881
1068.0,9289.705882352942
1069.9999999999998,9177.941176470587
1072.0,9302.94117647059
1074.0,9229.411764705883
1075.9999999999998,9235.29411764706
1078.0,9223.529411764704
1080.0,9186.764705882353
1082.0,8969.117647058823
1083.9999999999998,9088.235294117645
1086.0,9129.411764705883
1088.0,8975.0
1089.9999999999998,9116.176470588236
1092.0,9057.35294117647
1094.0,8601.470588235292
1096.0,8798.529411764706
1097.9999999999998,8766.176470588232
1100.0,8885.294117647056
1102.0,8723.529411764704
1103.9999999999998,8785.29411764706
1106.0,8742.64705882353
1108.0,8700.0
1110.0,8685.29411764706
1111.9999999999998,8592.64705882353
1114.0,8594.117647058823
1116.0,8575.0
1117.9999999999998,8551.470588235294
1120.0,8442.64705882353
1122.0,8523.529411764706
1123.9999999999998,8483.823529411762
1126.0,8316.176470588236
1128.0,8382.35294117647
1130.0,8313.235294117647
1131.9999999999998,8349.999999999998
1134.0,8291.176470588232
1136.0,8320.588235294115
1137.9999999999998,8189.7058823529405
1140.0,8132.352941176471
1142.0,8133.823529411765
1144.0,8108.823529411765
1145.9999999999998,8158.823529411762
1148.0,8124.999999999998
1150.0,8072.058823529413
1151.9999999999998,8026.470588235294
1154.0,8057.352941176471
1156.0,8022.05882352941
1158.0,7992.647058823528
1159.9999999999998,7823.529411764706
1162.0,7830.882352941175
1164.0,7841.176470588235
1165.9999999999998,7798.5294117647045
1168.0,7811.764705882353
1170.0,7758.823529411762
1172.0,7816.176470588233
1173.9999999999998,7754.411764705881
1176.0,7623.529411764704
1178.0,7632.352941176471
1179.9999999999998,7704.411764705883
1182.0,7586.764705882353
1184.0,7504.41176470588
1185.9999999999998,7627.941176470589
1188.0,7463.235294117647
1190.0,7477.941176470587
1192.0,7589.705882352941
1193.9999999999998,7566.176470588233
1196.0,7476.470588235292
1198.0,7269.117647058823
1199.9999999999998,7357.352941176468
1202.0,7452.941176470588
1204.0,7276.470588235295
1206.0,7410.2941176470595
1207.9999999999998,7191.176470588233
1210.0,7179.411764705883
1212.0,7254.411764705883
1213.9999999999998,7267.647058823528
1216.0,7249.999999999998
1218.0,7201.470588235295
1220.0,7169.117647058822
1221.9999999999998,7138.235294117647
1224.0,7126.470588235293
1226.0,7083.823529411765
1227.9999999999998,7016.176470588236
1230.0,7047.058823529412
1232.0,6985.294117647058
1233.9999999999998,6954.41176470588
1235.9999999999998,6939.70588235294
1238.0,6916.176470588235
1240.0,6842.647058823528
1241.9999999999998,6826.470588235295
1244.0,6792.647058823528
1246.0,6816.176470588236
1247.9999999999998,6813.235294117645
1250.0,6799.999999999999
1252.0,6722.058823529412
1254.0,6726.470588235293
1255.9999999999998,6692.64705882353
1258.0,6666.176470588234
1260.0,6661.764705882353
1261.9999999999998,6613.235294117645
1264.0,6585.294117647058
1266.0,6569.117647058822
1268.0,6495.588235294116
1269.9999999999998,6548.5294117647045
1272.0,6547.05882352941
1274.0,6516.176470588233
1275.9999999999998,6545.588235294118
1278.0,6529.411764705883
1280.0,6405.882352941175
1281.9999999999998,5902.941176470587
1283.9999999999998,6263.235294117647
1286.0,6364.705882352941
1288.0,6344.117647058823
1289.9999999999998,6257.352941176468
1292.0,6255.882352941177
1294.0,6210.294117647059
1295.9999999999998,6211.764705882353
1297.9999999999998,6152.9411764705865
1300.0,6155.882352941177
1302.0,6086.764705882351
1303.9999999999998,6045.588235294118
1306.0,6082.352941176471
1308.0,6063.235294117647
1309.9999999999998,6038.235294117648
1312.0,5930.882352941175
1314.0,5914.705882352941
1316.0,5851.470588235293
1317.9999999999998,5907.35294117647
1320.0,5905.882352941177
1322.0,5861.764705882353
1323.9999999999998,5854.411764705883
1326.0,5807.352941176469
1328.0,5747.058823529411
1330.0,5702.941176470587
1331.9999999999998,5680.882352941176
1334.0,5723.5294117647045
1336.0,5685.294117647059
1337.9999999999998,5635.294117647057
1340.0,5573.529411764706
1342.0,5595.588235294118
1343.9999999999998,5585.2941176470595
1345.9999999999998,5547.058823529411
1348.0,5538.235294117645
1350.0,5476.470588235295
1351.9999999999998,5502.941176470587
1354.0,5473.5294117647045
1356.0,5404.411764705881
1357.9999999999998,5423.529411764706
1359.9999999999998,5401.470588235295
1362.0,5407.352941176471
1364.0,5377.941176470588
1365.9999999999998,5377.941176470588
1368.0,5335.2941176470595
1370.0,5292.64705882353
1371.9999999999998,5324.999999999999
1374.0,5310.294117647058
1376.0,5236.764705882353
1378.0,5264.70588235294
1379.9999999999998,5263.235294117647
1382.0,5213.235294117646
1384.0,5216.176470588235
1385.9999999999998,5194.117647058823
1388.0,5191.176470588234
1390.0,5155.882352941177
1391.9999999999998,5166.176470588235
1393.9999999999998,5129.411764705882
1396.0,5127.941176470588
1398.0,5135.2941176470595
1399.9999999999998,5039.705882352941
1402.0,5057.352941176468
1404.0,5041.176470588233
1405.9999999999998,5045.588235294118
1407.9999999999998,5039.705882352941
1410.0,5026.470588235293
1412.0,4923.5294117647045
1413.9999999999998,4966.176470588235
1416.0,4977.941176470588
1418.0,4979.411764705883
1419.9999999999998,4936.764705882353
1421.9999999999998,4875.0
1424.0,4869.117647058823
1426.0,4825.0
1427.9999999999998,4830.882352941177
1430.0,4789.70588235294
1432.0,4852.941176470588
1433.9999999999998,4829.411764705883
1436.0,4830.882352941177
1438.0,4827.941176470587
1440.0,4688.235294117646
1441.9999999999998,4685.294117647057
1444.0,4701.470588235292
1446.0,4729.411764705882
1447.9999999999998,4729.411764705882
1450.0,4686.764705882351
1452.0,4638.235294117647
1453.9999999999998,4622.058823529412
1455.9999999999998,4604.41176470588
1458.0,4657.352941176469
1460.0,4641.176470588233
1461.9999999999998,4589.70588235294
1464.0,4566.176470588235
1466.0,4570.588235294118
1467.9999999999998,4579.411764705883
1469.9999999999998,4561.764705882352
1472.0,4519.117647058823
1474.0,4461.764705882353
1475.9999999999998,4482.352941176471
1478.0,4476.470588235295
1480.0,4511.764705882353
1481.9999999999998,4476.470588235295
1483.9999999999998,4469.117647058823
1486.0,4460.2941176470595
1488.0,4198.5294117647045
1489.9999999999998,4433.823529411763
1492.0,4438.235294117647
1494.0,4460.2941176470595
1495.9999999999998,4370.588235294118
1498.0,4402.941176470588
1500.0,4427.941176470587
1501.9999999999998,4299.999999999998
1503.9999999999998,4116.176470588234
1506.0,4188.235294117647
1508.0,4292.647058823528
1509.9999999999998,4333.823529411765
1512.0,4283.823529411765
1514.0,4239.705882352941
1515.9999999999998,4238.235294117647
1517.9999999999998,4241.176470588233
1520.0,4214.705882352941
1522.0,4152.9411764705865
1523.9999999999998,4169.1176470588225
1526.0,4185.2941176470595
1528.0,4185.2941176470595
1529.9999999999998,4066.1764705882356
1531.9999999999998,4151.470588235294
1534.0,4094.1176470588225
1536.0,4126.470588235295
1537.9999999999998,4077.9411764705865
1540.0,4014.7058823529414
1542.0,4048.529411764704
1543.9999999999998,4085.294117647057
1546.0,4076.470588235294
1548.0,3986.764705882353
1549.9999999999998,3989.705882352939
1551.9999999999998,4016.1764705882356
1554.0,3935.294117647059
1556.0,3927.9411764705883
1557.9999999999998,3954.411764705881
1560.0,3945.5882352941167
1562.0,3966.176470588235
1563.9999999999998,3925.0000000000005
1565.9999999999998,3902.9411764705887
1568.0,3872.058823529411
1570.0,3889.7058823529414
1571.9999999999998,3930.882352941175
1574.0,3838.2352941176473
1576.0,3729.4117647058806
1577.9999999999998,3745.5882352941167
1579.9999999999998,3897.058823529412
1582.0,3808.823529411765
1584.0,3810.294117647059
1585.9999999999998,3822.058823529412
1588.0,3661.764705882353
1590.0,3536.764705882352
1591.9999999999998,3714.7058823529396
1593.9999999999998,3798.5294117647045
1596.0,3685.294117647057
1598.0,3742.6470588235293
1599.9999999999998,3694.1176470588225
1602.0,3660.294117647059
1604.0,3672.0588235294117
1605.9999999999998,3642.6470588235293
1608.0,3663.2352941176455
1610.0,3529.411764705881
1611.9999999999998,3573.5294117647045
1613.9999999999998,3601.470588235294
1616.0,3491.176470588235
1618.0,3563.2352941176455
1619.9999999999998,3483.823529411765
1622.0,3504.4117647058824
1624.0,3552.9411764705883
1625.9999999999998,3532.3529411764707
1627.9999999999998,3555.882352941175
1630.0,3519.117647058824
1632.0,3510.294117647059
1633.9999999999998,3469.1176470588234
1636.0,3466.1764705882338
1638.0,3344.117647058822
1639.9999999999998,3326.470588235294
1641.9999999999998,3332.3529411764707
1644.0,3350.0
1646.0,3373.5294117647045
1647.9999999999998,3370.588235294116
1650.0,3341.1764705882356
1652.0,3335.294117647059
1653.9999999999998,3326.470588235294
1655.9999999999998,3323.529411764706
1658.0,3311.764705882353
1659.9999999999998,3301.470588235294
1661.9999999999998,3302.941176470587
1664.0,3275.0
1666.0,3252.9411764705883
1667.9999999999998,3224.9999999999986
1670.0,3272.0588235294117
1672.0,3195.588235294116
1673.9999999999998,3224.9999999999986
1675.9999999999998,3177.941176470587
1678.0,3188.235294117646
1680.0,3058.8235294117635
1681.9999999999998,3020.5882352941176
1684.0,3130.8823529411766
1686.0,3133.823529411765
1687.9999999999998,3117.647058823528
1689.9999999999998,3095.588235294116
1692.0,3122.0588235294103
1694.0,3105.8823529411766
1695.9999999999998,3088.235294117646
1698.0,3072.0588235294117
1700.0,3033.823529411765
1701.9999999999998,3010.2941176470576
1703.9999999999998,3017.647058823528
1706.0,3014.7058823529396
1708.0,2966.1764705882338
1709.9999999999998,2960.294117647059
1712.0,2914.7058823529396
1714.0,2995.588235294116
1715.9999999999998,2973.5294117647045
1717.9999999999998,2955.8823529411766
1720.0,2930.8823529411766
1721.9999999999998,2904.4117647058824
1723.9999999999998,2873.5294117647045
1726.0,2914.7058823529396
1728.0,2898.529411764706
1729.9999999999998,2917.647058823528
1732.0,2847.0588235294103
1734.0,2755.8823529411766
1735.9999999999998,2686.764705882353
1737.9999999999998,2739.70588235294
1740.0,2801.470588235294
1742.0,2797.0588235294117
1743.9999999999998,2804.4117647058824
1746.0,2745.5882352941176
1748.0,2752.9411764705883
1749.9999999999998,2732.3529411764694
1751.9999999999998,2720.5882352941176
1754.0,2729.411764705881
1756.0,2719.117647058824
1757.9999999999998,2710.2941176470576
1760.0,2692.6470588235297
1762.0,2636.7647058823513
1763.9999999999998,2657.3529411764707
1765.9999999999998,2672.0588235294117
1768.0,2650.0
1769.9999999999998,2633.823529411765
1771.9999999999998,2638.2352941176473
1774.0,2635.294117647059
1776.0,2592.6470588235297
1777.9999999999998,2569.117647058822
1779.9999999999998,2582.3529411764707
1782.0,2569.117647058822
1783.9999999999998,2551.470588235293
1785.9999999999998,2557.3529411764707
1788.0,2569.117647058822
1790.0,2548.529411764706
1791.9999999999998,2530.8823529411766
1794.0,2513.235294117647
1796.0,2508.823529411765
1797.9999999999998,2504.4117647058824
1799.9999999999998,2498.529411764706
1802.0,2458.8235294117635
1804.0,2482.3529411764707
1806.0,2482.3529411764707
1808.0,2477.9411764705883
1810.0,2479.4117647058824
1812.0,2463.2352941176473
1814.0,2438.2352941176473
1816.0,2360.294117647059
1818.0,2235.294117647059
1820.0,2347.0588235294103
1822.0,2350.0
1824.0,2388.2352941176455
1826.0,2394.1176470588234
1828.0,2369.117647058822
1830.0,2361.764705882352
1832.0,2342.6470588235293
1834.0,2330.8823529411766
1836.0,2324.9999999999986
1838.0,2297.0588235294117
1840.0,2297.0588235294117
1842.0,2264.705882352941
1844.0,2266.1764705882338
1846.0,2257.3529411764707
1848.0,2220.5882352941176
1850.0,2273.5294117647045
1852.0,2255.8823529411766
1854.0,2242.6470588235293
1856.0,2219.1176470588234
1858.0,2242.6470588235293
1860.0,2210.2941176470576
1862.0,2211.764705882353
1864.0,2219.1176470588234
1866.0,2197.0588235294117
1868.0,2194.1176470588234
1870.0,2217.647058823528
1872.0,2166.1764705882338
1874.0,2060.294117647059
1876.0,1910.2941176470574
1878.0,2119.1176470588234
1880.0,2150.0
1882.0,2167.6470588235293
1884.0,2152.9411764705883
1886.0,2116.176470588235
1888.0,2136.764705882353
1890.0,2094.1176470588234
1892.0,2070.5882352941176
1894.0,2052.9411764705883
1896.0,2019.1176470588236
1898.0,2044.1176470588236
1900.0,2054.411764705881
1902.0,2072.0588235294117
1904.0,2038.235294117647
1906.0,2044.1176470588236
1908.0,2024.9999999999986
1910.0,2026.4705882352941
1912.0,1991.176470588234
1914.0,2014.7058823529414
1916.0,2000.0000000000002
1918.0,1989.7058823529412
1920.0,1960.2941176470588
1922.0,1985.294117647059
1924.0,1972.0588235294117
1926.0,1976.4705882352928
1928.0,1944.1176470588236
1930.0,1930.8823529411766
1932.0,1923.5294117647059
1934.0,1941.1764705882354
1936.0,1952.9411764705883
1938.0,1942.6470588235293
1940.0,1910.2941176470574
1942.0,1902.941176470587
1944.0,1769.1176470588236
1946.0,1752.9411764705883
1948.0,1869.1176470588223
1950.0,1854.411764705881
1952.0,1845.5882352941176
1954.0,1891.176470588234
1956.0,1876.4705882352928
1958.0,1869.1176470588223
1960.0,1854.411764705881
1962.0,1823.5294117647059
1964.0,1797.0588235294117
1966.0,1810.2941176470588
1968.0,1823.5294117647059
1970.0,1822.0588235294117
1972.0,1783.8235294117649
1974.0,1776.4705882352941
1976.0,1799.9999999999984
1978.0,1755.8823529411766
1980.0,1758.8235294117646
1982.0,1772.0588235294117
1984.0,1760.2941176470588
1986.0,1732.3529411764707
1988.0,1757.3529411764705
1990.0,1761.764705882353
1992.0,1735.2941176470574
1994.0,1708.8235294117646
1996.0,1725.0
1998.0,1704.4117647058824
2000.0,1720.5882352941178
2002.0,1707.3529411764691
2004.0,1688.235294117647
2006.0,1686.764705882353
2008.0,1697.0588235294117
2010.0,1689.7058823529412
2012.0,1683.8235294117649
2014.0,1673.5294117647059
2016.0,1672.0588235294117
2018.0,1667.6470588235295
2020.0,1641.1764705882354
2022.0,1627.9411764705883
2024.0,1641.1764705882354
2026.0,1639.7058823529412
2028.0,1627.9411764705883
2030.0,1597.0588235294117
2032.0,1614.7058823529396
2034.0,1605.8823529411766
2036.0,1592.647058823528
2038.0,1564.7058823529396
2040.0,1585.294117647059
2042.0,1582.3529411764707
2044.0,1582.3529411764707
2046.0,1575.0
2048.0,1563.235294117647
2049.9999999999995,1557.3529411764691
2052.0,1539.7058823529412
2054.0,1538.235294117647
2055.9999999999995,1538.235294117647
2058.0,1529.4117647058822
2060.0,1511.764705882353
2062.0,1504.4117647058824
2064.0,1477.9411764705883
2066.0,1507.3529411764691
2068.0,1498.5294117647059
2070.0,1475.0
2071.9999999999995,1476.4705882352941
2074.0,1483.8235294117649
2076.0,1479.4117647058808
2077.9999999999995,1470.5882352941178
2080.0,1452.6470588235295
2082.0,1450.5882352941178
2083.9999999999995,1437.0588235294117
2086.0,1448.8235294117633
2088.0,1446.3235294117649
2089.9999999999995,1439.4117647058808
2092.0,1406.9117647058824
2094.0,1410.735294117647
2096.0,1408.8235294117633
2098.0,1414.7058823529396
2099.9999999999995,1412.6470588235295
2102.0,1408.382352941175
2104.0,1405.7352941176455
2105.9999999999995,1407.9411764705883
2108.0,1398.9705882352941
2110.0,1381.764705882353
2111.9999999999995,1390.0
2114.0,1387.647058823528
2116.0,1372.2058823529412
2117.9999999999995,1369.2647058823516
2120.0,1363.9705882352928
2122.0,1363.9705882352928
2124.0,1351.3235294117633
2126.0,1354.117647058822
2128.0,1356.617647058822
2130.0,1354.264705882353
2132.0,1354.4117647058824
2133.9999999999995,1346.3235294117649
2136.0,1325.294117647059
2138.0,1339.7058823529412
2139.9999999999995,1335.7352941176455
2142.0,1332.9411764705867
2144.0,1324.4117647058824
2145.9999999999995,1314.5588235294103
2148.0,1320.4411764705867
2150.0,1317.2058823529396
2151.9999999999995,1310.735294117647
2154.0,1305.5882352941162
2156.0,1304.9999999999986
2158.0,1300.2941176470574
2160.0,1291.3235294117633
2161.9999999999995,1277.3529411764707
2164.0,1243.5294117647045
2166.0,1154.264705882353
2167.9999999999995,1220.5882352941178
2170.0,1258.382352941175
2172.0,1263.3823529411766
2173.9999999999995,1263.5294117647045
2176.0,1254.7058823529396
2178.0,1238.9705882352941
2179.9999999999995,1249.558823529412
2182.0,1238.9705882352941
2184.0,1243.6764705882354
2185.9999999999995,1244.8529411764707
2188.0,1217.2058823529396
2190.0,1221.1764705882354
2192.0,1231.9117647058808
2194.0,1227.7941176470574
2195.9999999999995,1223.235294117647
2198.0,1220.4411764705867
2200.0,1215.4411764705883
2201.9999999999995,1210.2941176470574
2204.0,1207.5
2206.0,1171.4705882352926
2207.9999999999995,1171.4705882352926
2210.0,1188.2352941176455
2212.0,1191.9117647058808
2213.9999999999995,1187.0588235294117
2216.0,1175.5882352941162
2218.0,1172.0588235294103
2220.0,1176.0294117647045
2222.0,1170.882352941175
2223.9999999999995,1165.5882352941162
2226.0,1148.6764705882338
2228.0,1150.882352941175
2229.9999999999995,1151.6176470588236
2232.0,1149.2647058823516
2234.0,1147.3529411764707
2235.9999999999995,1140.882352941175
2238.0,1124.7058823529412
2240.0,1123.3823529411766
2241.9999999999995,1123.8235294117646
2244.0,1121.1764705882354
2246.0,1119.4117647058808
2247.9999999999995,1105.8823529411766
2250.0,1108.9705882352941
2252.0,1104.7058823529412
2254.0,1088.5294117647059
2256.0,1091.4705882352926
2257.9999999999995,1094.264705882353
2260.0,1091.3235294117633
2262.0,1073.382352941175
2263.9999999999995,1077.7941176470574
2266.0,1075.735294117647
2268.0,1077.5
2269.9999999999995,1073.0882352941162
2272.0,1070.1470588235295
2274.0,1066.4705882352941
2275.9999999999995,1064.5588235294103
2278.0,1064.9999999999986
2280.0,1053.6764705882354
2282.0,1030.4411764705867
2284.0,1047.7941176470574
2285.9999999999995,1047.647058823528
2288.0,1048.0882352941176
2290.0,1045.5882352941162
2291.9999999999995,1039.2647058823516
2294.0,1017.6470588235279
2296.0,1015.8823529411765
2297.9999999999995,1017.5
2300.0,1022.4999999999985
2302.0,1022.7941176470589
2303.9999999999995,1019.2647058823514
2306.0,1018.0882352941177
2308.0,1014.8529411764706
2309.9999999999995,1010.2941176470573
2312.0,1009.8529411764691
2314.0,1003.8235294117648
2316.0,996.9117647058824
2318.0,991.9117647058808
2319.9999999999995,995.2941176470589
2322.0,981.6176470588235
2324.0,961.1764705882354
2325.9999999999995,964.5588235294102
2328.0,974.8529411764706
2330.0,972.9411764705868
2331.9999999999995,968.2352941176456
2334.0,966.3235294117648
2336.0,961.1764705882354
2337.9999999999995,955.2941176470589
2340.0,958.8235294117632
2342.0,961.6176470588235
2344.0,957.2058823529397
2346.0,953.8235294117648
2347.9999999999995,951.7647058823529
2350.0,948.9705882352941
2352.0,924.8529411764706
2353.9999999999995,917.5
2356.0,923.8235294117648
2358.0,921.4705882352926
2359.9999999999995,927.6470588235279
2362.0,927.2058823529396
2364.0,925.7352941176472
2365.9999999999995,924.1176470588221
2368.0,921.029411764706
2370.0,913.382352941175
2371.9999999999995,912.7941176470588
2374.0,892.0588235294103
2376.0,906.4705882352941
2378.0,910.5882352941177
2380.0,907.6470588235279
2381.9999999999995,896.7647058823516
2384.0,865.4411764705883
2386.0,868.8235294117648
2387.9999999999995,882.9411764705883
2390.0,886.6176470588235
2392.0,883.5294117647059
2393.9999999999995,882.7941176470588
2396.0,881.7647058823516
2398.0,880.7352941176456
2399.9999999999995,874.1176470588235
2402.0,877.2058823529412
2404.0,874.264705882353
2405.9999999999995,870.4411764705883
2408.0,869.8529411764706
2409.9999999999995,867.9411764705883
2412.0,866.7647058823516
2414.0,843.2352941176471
2415.9999999999995,823.382352941175
2418.0,845.2941176470589
2420.0,848.5294117647059
2421.9999999999995,848.0882352941162
2424.0,842.0588235294103
2426.0,840.7352941176456
2427.9999999999995,839.9999999999985
2430.0,839.9999999999985
2432.0,838.5294117647059
2433.9999999999995,829.5588235294118
2436.0,826.1764705882354
2438.0,823.382352941175
2440.0,829.264705882353
2442.0,826.0294117647044
2443.9999999999995,823.9705882352941
2446.0,808.5294117647059
2448.0,802.5
2449.9999999999995,803.2352941176471
2452.0,798.8235294117648
2454.0,802.2058823529412
2455.9999999999995,789.7058823529397
2458.0,792.9411764705883
2460.0,802.5
2461.9999999999995,800.2941176470589
2464.0,799.2647058823529
2466.0,794.8529411764706
2467.9999999999995,792.6470588235295
2470.0,777.2058823529412
2471.9999999999995,783.8235294117648
2474.0,781.3235294117633
2476.0,785.7352941176456
2477.9999999999995,779.8529411764706
2480.0,761.3235294117633
2482.0,755.8823529411765
2483.9999999999995,767.5
2486.0,758.8235294117648
2488.0,760.1470588235294
2489.9999999999995,768.382352941175
2492.0,764.411764705881
2494.0,761.0294117647044
2495.9999999999995,757.6470588235295
2498.0,757.9411764705883
2500.0,758.0882352941162
2520.0,732.9411764705883
2539.9999999999995,707.9411764705883
2560.0,687.0588235294103
2579.9999999999995,669.1176470588221
2600.0,655.4411764705868
2619.9999999999995,633.0882352941162
2640.0,619.2647058823529
2660.0,599.8529411764706
2680.0,583.5294117647059
2700.0,568.6764705882354
2719.9999999999995,553.382352941175
2740.0,538.6764705882354
2759.9999999999995,521.4705882352927
2780.0,510.00000000000006
2799.9999999999995,497.79411764705736
2820.0,484.85294117646913
2839.9999999999995,471.9117647058824
2860.0,458.6764705882338
2880.0,445.88235294117646
2900.0,436.61764705882354
2920.0,424.9999999999986
2939.9999999999995,414.2647058823529
2960.0,404.4117647058824
2979.9999999999995,394.4117647058824
3000.0,384.11764705882354
3019.9999999999995,374.55882352941177
3040.0,362.4999999999985
3059.9999999999995,356.1764705882338
3080.0,347.64705882352945
3099.9999999999995,339.11764705882354
3120.0,330.29411764705884
3140.0,323.2352941176471
3159.9999999999995,315.29411764705884
3180.0,308.2352941176456
3199.9999999999995,301.1764705882353
3220.0,294.11764705882354
3239.9999999999995,286.9117647058824
3260.0,280.44117647058823
3279.9999999999995,273.2352941176456
3300.0,265.0
3319.9999999999995,260.0
3340.0,255.44117647058823
3360.0,249.55882352941026
3379.9999999999995,243.97058823529412
3400.0,237.50000000000003
3419.9999999999995,232.94117647058823
3440.0,228.52941176470588
3459.9999999999995,223.52941176470588
3480.0,218.52941176470588
3499.9999999999995,214.11764705882354
3520.0,209.55882352941177
3539.9999999999995,204.85294117647058
3559.9999999999995,200.29411764705884
3580.0,196.17647058823383
3599.9999999999995,192.2058823529412
3620.0,188.38235294117646
3639.999999999999,183.97058823529412
3660.0,179.7058823529412
3679.999999999999,175.44117647058823
3700.0,170.88235294117646
3719.999999999999,168.38235294117646
3740.0,162.94117647058823
3759.999999999999,161.17647058823383
3779.999999999999,158.52941176470588
3800.0,155.44117647058823
3819.999999999999,152.64705882352942
3839.999999999999,149.85294117646913
3860.0,146.80882352941177
3880.0,143.8529411764706
3899.999999999999,141.16176470588087
3919.999999999999,138.63235294117501
3940.0,135.7794117647044
3960.0,132.8235294117647
3979.999999999999,130.25
3999.999999999999,127.4852941176456
4019.999999999999,125.83823529411765
4040.0,123.30882352941177
4060.0,120.83823529411765
4079.999999999999,118.44117647058825
4099.999999999999,116.08823529411765
4120.0,113.80882352941177
4140.0,111.57352941176471
4160.0,109.39705882352942
4179.999999999999,107.26470588235294
4199.999999999999,105.19117647058677
4220.0,103.16176470588236
4240.0,101.19117647058823
4260.0,99.24999999999854
4279.999999999999,97.36764705882354
4300.0,95.52941176470588
4320.0,93.73529411764706
4340.0,91.97058823529412
4359.999999999999,90.26470588235294
4380.0,88.58823529411617
4400.0,86.95588235293971
4420.0,85.3529411764706
4440.0,83.79411764705736
4459.999999999999,82.26470588235294
4480.0,80.76470588235294
4500.0,79.30882352941177
4520.0,77.88235294117648
4539.999999999999,76.4852941176456
4560.0,75.11764705882206
4580.0,73.79411764705736
4600.0,72.48529411764706
4619.999999999999,71.20588235293971
4639.999999999999,69.95588235293971
4660.0,68.73529411764706
4680.0,67.54411764705735
4700.0,66.382352941175
4719.999999999999,65.2352941176456
4740.0,64.11764705882354
4760.0,63.01470588235147
4780.0,61.94117647058676
4799.999999999999,60.89705882352794
4819.999999999999,59.86764705882353
4840.0,58.86764705882206
4860.0,57.88235294117648
4880.0,56.911764705882355
4899.999999999999,55.97058823529265
4920.0,55.044117647057355
4940.0,54.132352941175
4960.0,53.25
4979.999999999999,52.38235294117647
5000.0,51.529411764705884
5050.0,49.911764705880884
5100.0,48.044117647057355
5149.999999999999,46.26470588235147
5200.0,44.55882352941177
5249.999999999999,42.94117647058677
5300.0,41.39705882352794
5349.999999999999,39.9264705882353
5400.0,38.51470588235147
5450.0,37.161764705882355
5499.999999999999,35.867647058823536
5550.0,34.632352941175
5599.999999999999,33.45588235294118
5650.0,32.32352941176324
5699.999999999999,31.235294117647058
5750.0,30.205882352939707
5800.0,29.20588235293971
5849.999999999999,28.25
5900.0,27.33823529411765
5949.999999999999,26.455882352941178
6000.0,25.61764705882353
6049.999999999999,24.808823529410294
6100.0,24.029411764705884
6150.0,23.279411764705884
6199.999999999999,22.558823529411764
6250.0,21.86764705882353
6299.999999999999,21.205882352939707
6350.0,20.573529411764707
6399.999999999999,19.955882352939707
6450.0,19.36764705882353
6499.999999999999,18.794117647058826
6550.0,18.235294117647058
6600.0,17.705882352941178
6649.999999999999,17.205882352941178
6700.0,16.705882352941178
6749.999999999999,16.235294117645587
6800.0,15.779411764705882
6849.999999999999,15.338235294117649
6900.0,14.911764705880882
6950.0,14.50294117647059
6999.999999999999,14.105882352941176
7050.0,13.722058823527941
7099.999999999999,13.352941176469118
7150.0,12.994117647058824
7199.999999999999,12.648529411764706
7250.0,12.31470588235147
7300.0,11.991176470586765
7349.999999999998,11.679411764705883
7400.0,11.376470588235295
7449.999999999998,11.083823529411765
7500.0,10.79999999999853
7549.999999999998,10.526470588235295
7600.0,10.26029411764559
7649.999999999998,10.00294117647059
7700.0,9.754411764705882
7750.0,9.513235294116177
7799.999999999998,9.279411764705884
7849.999999999998,9.052941176470588
7900.0,8.832352941175
7950.0,8.620588235294118
7999.999999999998,8.413235294116177
8049.999999999998,8.213235294116176
8100.0,8.019117647057353
8149.999999999998,7.829411764705883
8199.999999999998,7.647058823527941
8250.0,7.469117647058824
8300.0,7.295588235292647
8350.0,7.127941176470588
8399.999999999998,6.966176470588236
8450.0,6.807352941175
8500.0,6.654411764704411
8549.999999999998,6.504411764705883
8600.0,6.3588235294102935
8650.0,6.217647058822059
8700.0,6.080882352941177
8749.999999999998,5.947058823529412
8800.0,5.81764705882353
8850.0,5.691176470586765
8899.999999999998,5.569117647057354
8950.0,5.45
9000.0,5.333823529410294
9050.0,5.220588235294118
9099.999999999998,5.110294117645589
9150.0,5.002941176469118
9200.0,4.898529411764706
9249.999999999998,4.797058823529412
9300.0,4.6985294117647065
9350.0,4.601470588235294
9400.0,4.507352941176471
9449.999999999998,4.416176470586765
9500.0,4.326470588235294
9550.0,4.239705882352942
9599.999999999998,4.154411764704412
9650.0,4.072058823529412
9700.0,3.991176470586765
9750.0,3.9132352941176474
9799.999999999998,3.835294117647059
9850.0,3.7617647058808825
9900.0,3.6882352941176473
9949.999999999998,3.61764705882353
10000.0,3.547058823529412
10999.999999999998,2.404411764704412
12000.0,1.6941176470573531
12999.999999999998,1.2266176470588235
13999.999999999998,0.9099999999999999
15000.0,0.6891176470588236
15999.999999999998,0.5313235294117648
17000.0,0.4161764705882353
18000.0,0.33044117647058824
19000.0,0.26573529411764707
20000.0,0.2161764705882353
25000.0,0.08902941176470588
30000.0,0.04305882352941177
34999.99999999999,0.023294117647058823
40000.0,0.013686764705882353
50000.0,0.005626470588235294
60000.0,0.002720588235294118
80000.0,0.000865
100000.0,0.00035558823529411763
120000.0,0.00017191176470588237
149999.99999999997,7.069117647058824e-05
200000.0,2.2470588235294116e-05
250000.0,9.227941176470586e-06
299999.99999999994,4.338235294117647e-06
400000.0,1.4911764705882352e-06
1000000.0,4.9764705882352935e-08
1000010.0,0.0
